Address,Amount,LP,Percent,Contract
0xf52d5611fadf5d1065bb58ed59b4595859751abd,347717425950,403166563907339,0.23456881,
0x17a871e5a1ad02bdbfa09ea1e345cdd746d38978,112597401366,130552868581724,0.07595776,
0x7549c04c9be58db47def7722e84d22b7697955f2,103896478400,120464443460548,0.07008816,
0xcfc00d652b699cd60624fd7a1b0245ef016178be,103723083933,120263398456059,0.06997119,
0x063608d16d09e48e46329d6bf833cd31dc341030,55263079358,64075666483587,0.03728026,
0xe86f952fa95afbde72ae694b7e886a177aaf0749,51481442526,59690986816361,0.03472918,
0x101ded8dec510217a437d4def7d8f4df59fddb6b,49878378150,57832288034072,0.03364776,
0x86772d018eb9fcfe80143978d79799e6882722bc,49196267682,57041404077545,0.03318761,
0xf58a81ee3fdc4197fd4250d16be6432a52cb4ce1,42937907337,49785047485424,0.02896574,
0xa856662e83d487da9d42fde1ba06d998ddddc18e,41200427705,47770498771972,0.02779365,
0x125110c3b1b4859d833b1353d7af5bda51baaf2e,39888612606,46249493649779,0.02690870,
0xf7be187d3b2404a11b1c47b8b2ea0d9ae88552c7,36192968824,41964520007909,0.02441563,
0x836f6e39a345eb56c8d5e5bf0cec65246674dcaf,34177513019,39627667348343,0.02305602,
0x8ab4e5f00e60afed2b79959df6b54990053efca5,29714085799,34452474846496,0.02004501,
0x8df36936ed756ec96ec3030aaeec2d3f70b151d1,27992947469,32456873318561,0.01888393,
0x77e7c2a3b6e9a017928d2a9d9c95b19490158a6e,25488387093,29552920494996,0.01719437,
0xe0daa23cac0f92d26c9b73f610c373677ce21e70,19723197609,22868378792236,0.01330519,
0xc8662258b5ef07b1fb7fba02a2802e01f31f7d3f,19695888247,22836714513088,0.01328677,
0xd2a43987ca7fa2b15b10c816ea4fe44d74b5f975,16586313560,19231268112621,0.01118906,
0x9b33cc1fd5f95e2b72bd7effee8a17683006a82b,15094591488,17501666956079,0.01018275,
0x980862e397505eb105fd10798c65d1b072ee8dba,14993464635,17384413799349,0.01011453,
0xe9fdba093438e0c0925ffdfc90cd580b9432fa40,14489949348,16800604898831,0.00977486,
0x69d7bdeb6a3e0643e53a8453490165677828c3e7,14485785079,16795776570141,0.00977205,
0x700e45b86fd440978dfa86b6ce84f6a3c5019cb0,14164277368,16422999281918,0.00955517,
0x70f9b998484c34df8d5cc6b60ffd1f415f1044f5,12934898790,14997576510311,0.00872583,
0xa5e4c74f9c18e1c1944f2165aa8d0db994c2a263,12631782634,14646123606432,0.00852135,
0x06a734791347cd6e5a4be3dbc4fe536574865f5c,11981519850,13892165959513,0.00808269,Safe 1.4.1
0x8797b19d1039a15503cc4951ce47959ab92116e1,11163621040,12943840025169,0.00753093,
0x9ce81e746b9f0691f719d1c530d6860d01e02e93,10901075051,12639426854148,0.00735382,
0xd27e6f302f2680e804919c8b8137e15e1c100555,10281811148,11921411358542,0.00693607,
0x8a4be368254a6d66d4de397d7172c53028c9d230,9928177408,11511385029123,0.00669751,
0x7ab7ba8d27e4fdbc68253d491060b1a029742d90,9866830784,11440255698926,0.00665613,
0x539460bd8d7d6130ce6c4a65c0b59da3b3d2da42,9854617924,11426095301908,0.00664789,
0x76e2b380628a6991ebbf8575cf182ad4e4805a5a,8790744898,10192570605369,0.00593020,
0xb99539328c8e97698f84c7c29e466aeb421c9f37,8605506461,9977792919308,0.00580524,
0xca2cedc1f7aeaf678990e7bb9f8b423ddca84d7c,5954316792,6903828402870,0.00401676,
0x2057fa1c1176315c9ae4acd2d9e68ca7d0da8d20,5930796219,6876557096085,0.00400089,
0xad26087480195ecdb78e2811fdafa8ce7b119885,5890950701,6830357569169,0.00397401,
0x2799aab0d3366cbd27759e655de38cdc11090f5f,4966458790,5758440548906,0.00335035,
0x56cbf5073beca6f5712e0113d60fc1e176409b54,4949237063,5738472540457,0.00333874,
0x4b7a37520519bcd4c5d343989c1a5f8f38fce791,4918733294,5703104454718,0.00331816,
0x343cc3d8480ec2bd0591adb71d858fc4a9ce1a65,4154804542,4817354972441,0.00280281,
0x776d2726eba0816634c1cec57617958dc3d807bb,3939933685,4568219500258,0.00265786,
0x2ddcd5e499c5b1ca1cdc8d0503caf78f257fa813,3196731344,3706501588680,0.00215650,
0xc802bcb06a9088daba291f3828aead200235ca88,2481868469,2877642326907,0.00167426,
0x55a9264eba85e42d1a5db8cd2d8b3c24e2d4052a,2470041029,2863928811308,0.00166628,
0x6c03264bb4f0fae243a9ab94c55877740f5d09d6,2466696954,2860051469747,0.00166402,
0x04896d90a136e92f20af71c972b50363342f342e,2390027564,2771155911985,0.00161230,
0xae86201c431166837f720c3a11c956312ee98412,1991052429,2308557772640,0.00134316,
0xa25f88c7839c78e8ce60fa4ac488d4a321ea2354,1984225482,2300642159103,0.00133855,
0xc674048046fe4f7c82c351ee782c5e129c520ebf,1982526712,2298672492895,0.00133740,
0xf03dbb2e430a6b2c06bf8e7f45af9014d90fc774,1978091625,2293530159917,0.00133441,
0x7748cc032eebd802ddfd0eb29db65c02fe790e6b,1670766308,1937196876596,0.00112709,
0xf2456dab2efcc0645b96190c5ac08782bedcb6a9,1644179764,1906370680408,0.00110916,
0x8f9dc62b5640cfaf3d55d328f6f0a1129456b70d,1599572537,1854650113381,0.00107907,
0x77e32057e86b7acee01461ec86a75ea1d1b33e96,1593207768,1847270379562,0.00107477,
0xf5996c2bd1317276d2c8d84eb08679db3b92c8ca,1456699566,1688993748487,0.00098268,
0x5a058211b8c3cd4a9356e4e0e244a5d81718cd37,1325306330,1536647747035,0.00089405,
0x91e24a20aca71772de91bb00105e237a96f1d2ae,1114022982,1291671869880,0.00075152,
0xb30dd1205e5ddc7d20e99b813441e06fd9a0b0ff,1076447840,1248104766946,0.00072617,
0x83f47284f9cc6fde780e6c82b4e76d10bdd4af8c,1058762636,1227599372632,0.00071424,
0x3f86db38d9ae0ab3119884aa75d0bb63efabdb65,1043477877,1209877212895,0.00070393,
0xb73ea2798265108abb62a46b80ce2b989a835649,996786940,1155740654785,0.00067243,
0xd12647c4cd15ffdea9ae19fc4b282f3637fec05d,996008734,1154838351318,0.00067190,
0xaf3a731b8e8be8631b00c2ec01a42fba5144d98d,988801946,1146482325022,0.00066704,
0x540e614ac35c96bf01a8f088333bc1d1688c6e7f,988694928,1146358241280,0.00066697,
0x565eb0de25974dbf807eae19e7ae2469be9c5670,976181135,1131848922653,0.00065853,
0x36905da9e1a0125d17ff72d6b6982b244213430e,824005992,955407004771,0.00055587,
0xa765822e7135ba51d95bceb50a3dc2bc2c54766e,544726393,631591780410,0.00036747,
0xa4b4181a3e0c8b3ea1901ffa4aa914689f282360,539452646,625477049602,0.00036391,
0xf300a6e751de095b2a1946c3d460f594a750cca0,433501305,502630062640,0.00029244,
0xe40fe02fd66c0a11183338e9d06e23990ea8cbce,353801409,410220735939,0.00023867,
0x231204f8e6f684843d30e771ecfb8680b68fbae2,297756131,345238136655,0.00020087,
0x036fcb49ebda77dfda61ba8e16607002fc560901,291798945,338330981503,0.00019685,
0x2086a811182f83a023c4da3dd9d2e5539b2d43c9,226859920,263036384170,0.00015304,
0x852ce3c710b5ba7bbb0b6f35f22588b262d6f04e,202831789,235176581096,0.00013683,
0x5c9cfbd803679a831d4d5b6b3363904ad6e8f541,198529657,230188404932,0.00013393,
0xf02240a035c0e864efaed7e07a23ef36d21dc61a,131077002,151979338853,0.00008842,
0x38dc27851f66cf43ab984a9c17ef8c2c5622b8da,120461370,139670873537,0.00008126,
0xc6d4468fc214280dcd5ea4ab2b0d5dc774d9fad8,100042569,115995966202,0.00006749,
0x38f927ae96c428397f29fc0d9a8ae72e7b3029a9,98970652,114753114790,0.00006677,
0x5ce5c394a0f8a4be282c8659e405524a089a9843,98509891,114218878035,0.00006645,
0x7d03b76b3687dd25c10d3e5e6e0b022942173f4c,88659779,102798007200,0.00005981,
0xb1c23c2c7e117942fcb1bf33c1ab2127f9dc6c4c,49408052,57286960812,0.00003333,
0x14de69e710091c40c19605a76fb96d398c3c27c5,32018962,37124900641,0.00002160,
0xf7c5b97bbe763c0de7908b59878c2e1f4515d6d7,18385409,21317258266,0.00001240,
0x7732bb8c5abf8fb4fd41b8ef8c663fe0bb13bc28,9850611,11421449409,0.00000665,
0xf664d3122a7788238d81b274b18f8efa65c35918,7152803,8293432519,0.00000483,
0x4fed5491693007f0cd49f4614ffc38ab6a04b619,4753621,5511662349,0.00000321,
0x07c748773321f019f4da7535c18a53a01a4c2abe,122237,141729656,0.00000008,<Contract>
0xa00ccb3a45cf29e894c1de7c524f3d4604fcd17a,122,141455,0.00000000,