address,raw_amount,Amount sent
0xf7044e57bcd224cca81378c5d636194d228f1353,16091811929,16091.8119
0xfd1d918196c4586a7d58cb75f1acae330ff5f348,2251158225,2251.1582
0x23b83c2821d1e9fe5c40ce3c014d2420f2f1eeb7,2151373848,2151.3738
0x8c15d5d5df361cbf8e33b1f019e35f47324d9500,1977492964,1977.4929
0xc1dd99f39d9504af370f36283303cdc86dbebb68,1928275603,1928.2756
0xbc7839dd75f428e6401c872a051dd6ef1fb67885,1713391659,1713.3916
0x5215461770809a456de83d5e7bb6c4d7e0134a8b,1144094067,1144.094
0x089204d6aa0f1d0dfec37f2cb845f6226b6f0c65,1027642453,1027.6424
0xb81d739df194fa589e244c7ff5a15e5c04978d0d,999107959,999.1079
0xc3ad78caa7984ecabb06c6bd4934c3d8e9efd593,998274093,998.274
0xe173cc94d4755b72eb9196cf50dbcd2cba54e348,886182092,886.182
0x39de56518e136d472ef9645e7d6e1f7c6c8ed37b,820158165,820.1581
0xff5c79e09d12297454d5a31ddd63da26c8d37fb8,793573741,793.5737
0xb46bbe83db7847b7aca6109351257cd0821c2f11,778457774,778.4577
0x6b745f51d57b80abd9ce729ec2e918303a5b737b,767575870,767.5758
0xa75b7c9781dd52298b3aa4c238a7fe84be90cbdf,694763835,694.7638
0x6b2966204885f05f950e20b6162773496adc9c7b,616716916,616.7169
0x1dcdc58b6ee3a9751cd19eeef4c2637cb86f55e1,507820751,507.8207
0xbe11ca34256282b23d6523d464a7db30920fb7dc,479478190,479.4781
0x2409e63be7c13b71ff9690acad1ddc04c92a8006,422023389,422.0233
0x098ddb5f48ad1daa5f691c4b2ad6360e45a22747,315401831,315.4018
0x1699bf76d30bd7813564e35fa786d7a967958a04,311664186,311.6641
0x54aaa6bc9b6f3d3b364c55e0c967e0c8bbc044c3,294756760,294.7567
0xa8d4fb9b9ab718dd2a79c9ee58c2366ff042f891,275947485,275.9474
0x6648b5554632ed5d6ec27ec6737e98a0a3dbbc94,246401508,246.4015
0xe0948c933ff574d58db56f47fbafc27c3348eaed,244846363,244.8463
0xa61d9946974adcd77e2965686c5c25845fd80c87,229331101,229.3311
0xc8bf40263577a4d42c074bc060773e761a30709b,219257222,219.2572
0x000000000000000000000000000000000000dead,216489264,216.4892
0x862001e214da4ec2e75789a35a2c23eb0c481cea,202590095,202.59
0x53e02d9a84cc33f70772d78dd942903fa4291e46,200724866,200.7248
0xb0f19d5bcc5f07a718000a66d8caba04136dc7a5,198332100,198.3321
0xf61ba3429be93e78eacd126eb0d9f3cf52aed8f2,196705882,196.7058
0x08b776a6907303558433be9b9583f21d41a58dfd,191939897,191.9398
0xd0564bb97b8fd5c1e3944e29070e483d45005928,187818279,187.8182
0x43570d02cead9c6c8770d18494e9e3ff347f0df0,187486171,187.4861
0xb4449f90fe785f1c764de2eb3be86204ebd0c312,182354806,182.3548
0xc4b03295f6e2e7a7fb6d066fbc4f1c7fc1373eb4,180119960,180.1199
0x7387bf434cb00872d3aefc0ee4c662f0ad70bbdf,158149423,158.1494
0x928a58fb7e9f9ac2e0541f747acd29870c04d198,140802625,140.8026
0x8d2ae74898d7c068dd9e1a73929dd77b75d819b7,126292424,126.2924
0x7c21aaccd7b0cd749a06352ecce515e64e6a39fd,125230348,125.2303
0xccd08c9520998b47b31c3768690ec6c1193cdc69,98798336,98.7983
0x81fdbcb9ea6c7600679f6501967c0d1073408526,94099124,94.0991
0xea0b0d16e5368e1db60366a0df607dd554d4b4cb,92625137,92.6251
0x63284c54a82ca1785a0a03fa8402efd735edb333,91051434,91.0514
0x8c5d82e343f86cb1561412b96f0d9b278b3ed96e,90140064,90.14
0x0810818c20c456c429ce9139a0dde0946a8c7d0d,86704578,86.7045
0xde6d22b7b9ff1b05ad580e073bfc6fcc00ceb561,86344024,86.344
0xbe838a012d83d595995d19753dc56db266512548,84828211,84.8282
0xd5cbc6802af3cca5a3ed0fd5718b43d8c75ca6a4,80577552,80.5775
0xae073be6146c7e7349a21a3fca52cf9bcc4b17e2,77920077,77.92
0x000000e28faa823d5b53ff6c2922c28335840375,75088267,75.0882
0xc6cc95a5ea4c0219af86cbb8f62edf8886955135,73939033,73.939
0xfd582d41fcc008ff5cbd2996043de3ce25e7543e,71687220,71.6872
0x752d5a59d9cd3ed8af87e0c8939d5d19db168331,69019767,69.0197
0x517466955bc3f9194df6028796ade8b8d6c36204,62340946,62.3409
0x28caca2d99111351bd6bf39738628135ee192443,60774303,60.7743
0xd2156f9edaa4f813bd2c4c6277584b22cf73acb3,59720771,59.7207
0x2ee8eb7b8f1eb6608f193e5daf0de9e6a62612b5,59417320,59.4173
0xf067d0cbb9148fa45bdf910c7d23b25fd8191985,53291643,53.2916
0x28fd174fc197ba46436d2ae835d74934e57c3033,51307962,51.3079
0xbd1bff03034ac340235e48ee35c85b1121b8198e,50984650,50.9846
0x03ecd446a7ef6a5d8c8d88f4dd83763b25d594b7,49362352,49.3623
0xaa973315a3dd8c4e634bda9c5ba990a8ac92dac1,49200617,49.2006
0x09f6d8a0aeabb1385e7ed410f08761cf39271d76,48902516,48.9025
0x311395f0ee1e84262217a0219db07925369d3497,46707695,46.7076
0x114fbabe33e8735a6466b7bc72ff35c2d67f9aea,44690117,44.6901
0xdb6c18087cb71164f9b47981d684e68c697b319e,44321248,44.3212
0xea844c517e9e3718acbe88f8ea511a285bc0bf3e,41843156,41.8431
0xf77f66313b2f53451be0aadf1466b33a8a5eb9cc,41445455,41.4454
0xe615784eb53bc634a64e5cde34c816cd64963301,39828782,39.8287
0x747a0ac18a7b4920f3c1d5f65e691012007d6855,39791222,39.7912
0x50ee92281d92615ac1a44869b48d87eb3d95d2f4,39564301,39.5643
0x8ff5a472fa9f04476eae98cb58b8d004bfed6eb0,39286228,39.2862
0x49ef092fb6bbeadb8217827b036b3affd6f03f1f,39280791,39.2807
0x1f80ad29759dff3133f49b077b920290552eee83,39270008,39.27
0xf516a98e053e5699c2539bf49e500f4b4a67279a,39259602,39.2596
0xa1b5a7024a702aa9cdab3a5058ac8176648a3959,37971708,37.9717
0xc77376888e950a300c6b97c62a30537bfde91742,37874418,37.8744
0xb772a176e367245b7a22c171688b3cde545e8a60,37105851,37.1058
0x8ffada29cc553655313ac823ce414429ddfc08c7,36202963,36.2029
0xf02efdda609c880f71d451d25dfb757a0afc9c1a,35325322,35.3253
0x7e8d8f5a721770ad17d4d2765c244f7f93b65de8,35306010,35.306
0xf76aca814f3c5a2055243bc3fb12838e7a67aae8,35187828,35.1878
0xcc6b666c46c7d5d0cfbfdbf2940b60eb09c59306,34624171,34.6241
0x1cd6e22a6fec56ebab5a2b15566d9eb4c0de9f94,34415142,34.4151
0x019425b418ff167d62f23324a6fa5fa0023760de,32304517,32.3045
0xa914c5963e118d087339b0550c95d085e38cbd99,30700670,30.7006
0x262557c8228758ecb6253caa5ba52568f079ce97,28393605,28.3936
0x3f73ccb6be932bd607393de5328088dd4f6b6746,28290165,28.2901
0xfb17d5cd85854b6bee89e714591de521f3169de5,27710093,27.71
0xb766349a2dafdb97b74cc1a23bc6ce5fe80ec8c0,27035080,27.035
0x8c8b134a68967c6faaa7bb0b9ea15ea06fc83b98,26294376,26.2943
0x756c89f08dde3b06be2ad09bafa57468169879ca,25994129,25.9941
0x2c2b8f9f3a157fa07c6be4bbb1aa4314c1080834,24812043,24.812
0x1bc13c62af7443a482f5db8727c486f8267a3693,24602950,24.6029
0x860c757c524590fa1d39e3e9565025d2b481b7ae,21775797,21.7757
0xa6c446b86d2b12a6bf1927260ad8030bd374283b,21597117,21.5971
0xb9088314df59465d610209121d34fd299df85e8a,21227336,21.2273
0xf30ceadfb6fb8e7b8fa844eda5daa197561ca741,21150185,21.1501
0xbee3d63539911929c671e6c39d1be5a0eaaaa6c7,20578132,20.5781
0xcbbd16f2ec1a5dde71d41f7c0eb74f3c1fca4c95,20313358,20.3133
0xd9243f96a94d7087c863ff87f879b991d8c41e53,20027859,20.0278
0x066dbd864bcdb1ec9944293736a9ae2c514d4a91,19990989,19.9909
0xcfab6c15847886c9e1ce179cf6908a63858b1363,19899775,19.8997
0xd84f88ac551b65ffd3007fc536b02c9b643e983d,19876607,19.8766
0x8d1e63b5ca6c2c163a720c2644adfe89c5dd4dd9,19826477,19.8264
0x0e243e5c925c27503f73de66df52894a2e37c34e,19802598,19.8025
0x3fa24e34c6331e5b90e26f69fba39247d468eaec,19639710,19.6397
0x5c4d6626440448ca778ae2c94908c02592149cf8,19614494,19.6144
0x403aa65f7f1e2d4b3bf3ec94343b3b1a1ab9341a,19569233,19.5692
0x2a99721c251d2fd3584a0be06544a8c3b65de45b,19541112,19.5411
0x979afe5a5126347fc045aca07c651c8d9141fe98,19501430,19.5014
0xf7b68b15c52d4ee5380f6dc8c5281fe10c9c410d,19347403,19.3474
0xbea1bb2346ff1c9942120586df31ebf98d880284,19336728,19.3367
0xba9b8e4355bd706e88be4cfd856f8088aa6ddc72,19105732,19.1057
0x735dd9dd1fee6454ec033dac876c50870c44768a,18671929,18.6719
0x719bac3ace4293bb14ab7d4d3c9031858c671bda,18070508,18.0705
0x7f9adb20217a0dabd313123c03421b58952fd740,18030881,18.0308
0x33d730566fb2aeb4d93db15fcca7fd980cc53bad,18017746,18.0177
0xf06b3310486f872ab6808f6602af65a0ef0f48f8,17921805,17.9218
0xcd3ab369c5483b4556bf8d18f813654c87ac3236,17793291,17.7932
0x559c027192f28c0aa3f9f531324c7dadfacead82,17461106,17.4611
0xa9eaef87c01b4c46a691862c7ba94401394b8b9c,17049549,17.0495
0x0e5b9bb138a1db16bc604c7742194f94e4a359d2,16907202,16.9072
0xe0d1658ebce86d77a993c1e5777afcb859cd71b2,16866931,16.8669
0xbffc429c38d2d597847608b2a5f3b2e090a12668,16824853,16.8248
0x7f0ad84f7aeeece956cfefc7a47623265774088b,16059543,16.0595
0xb5c443bc3c15003d85ec77f526d1aff5343ed4b7,15731801,15.7318
0x4db4c609715d5212adb0a2640928e6d532523439,15636789,15.6367
0x704663075dee671fd4ce24a8275f73ce7fdb01ca,15417330,15.4173
0x281e5c38bacea0f32e48edc9952de4c068f9012e,14614876,14.6148
0xcffc88c705af9e89394f0ed3602cf84fac1118fd,14420852,14.4208
0xac9987eec2b599f9f935de8b1bfee21d1311b185,14396258,14.3962
0xfacb7faec36c008263b81b1cc1f0783113ae5bef,13545738,13.5457
0x27fae42e93707f93018c965cf3f16a67d848d1ff,13465624,13.4656
0x1b46f0e881fbab3cca093ec3faeebee45b47a611,13367552,13.3675
0x186b12ceaf08fde22e32647fcc800e45876f5bd0,13347179,13.3471
0x93db2e90f8b2b073010b425f9350202330bd923e,13210757,13.2107
0xcb58e5b910d260aa1e6cf55fecc5261868cca570,12609397,12.6093
0xfda12e31b7b02e41fc11c600fe8c4a5e7603044a,12516944,12.5169
0x7d5187bc7cedb5b38faf473f17c9adf6e6bcccdb,12387303,12.3873
0xc947bb0f5714406695094a89206bbbcc96e47feb,12332597,12.3325
0xb060dbca269acee68a8ecc5b6e763f4849c33cbc,12315957,12.3159
0x899e6d9f1746be441b457175f8d339ad5462c943,12105920,12.1059
0x1b648ade1ef219c87987cd60eba069a7faf1621f,11937274,11.9372
0xf30e376eca825b69cec3b8d523fb91e83a4cf9a5,11934490,11.9344
0x227f982ea2d57ce251bb5bb39a41629f818ff834,11688945,11.6889
0x7febf0878c8d3a266fb16aef1b92eafbce91a12e,11064232,11.0642
0x808262827e24151879813cbeec568065e1c5cc2c,10393078,10.393
0x458cff3caff7129e1d0d905b15e28822da0d3d09,10320042,10.32
0xcd2ae93e311ad463ca1a6bfae080f6718776268e,10268642,10.2686
0xe04371e7db88536642441d7ee8b5a06839d09b98,10220320,10.2203
0xe839c91e61b6747c027a571e94abf3c0ec7a3682,10168710,10.1687
0xfeb803d0e288615fdcd86ab9853e897ad28ceba4,10163275,10.1632
0xe88ade0824ba4dd6a36891dd60b83c20462b3545,9911589,9.9115
0xd7123df9b92f7dc8542fb8231d29ee052a8807d9,9655270,9.6552
0x91d9c060f7c8a344976a8b5e695de96596cfb7c7,9503833,9.5038
0x3c66773a87bab490753130783b6c63f448417bd8,9474506,9.4745
0x92c43859db0f3e03eea0f05529775f4612f5de33,9346424,9.3464
0x041a302cb99fcf09e021e481a22fe8985531f707,9328437,9.3284
0xfe2fb8587760c8d5960cb7a5ba2f2299edf10506,9166744,9.1667
0x4fd4d313f8aa7601c0d059f9fc964cdb766ed61a,9093586,9.0935
0x10a28fb144bc79eda79194e818323dd9c3217016,9029537,9.0295
0xacc0fc3df0529717f50fa560b462b1ec1d13a276,8896213,8.8962
0x30d8ff6c16c96f4968282b9e8472d2115a2d4194,8855101,8.8551
0x0bf34484963766bf1d6bd0a15fe7ec6f72f3bd32,8535278,8.5352
0xba63d47ce22dcd70476f81f3b5420df17c71fabb,8530268,8.5302
0x2be250612790d1df5ebfea46c2346654cd7a0afa,8273112,8.2731
0x5c86feb3276fecd3d552e47ad7e9bb43a13acc0d,8255037,8.255
0xf903672ba62039591812141eecb4cfd9416cfc83,8115234,8.1152
0xfbd3c2ecf403ccd40d3f2d5f0b224f6a58b188b2,7771224,7.7712
0x685129f2c8dfe96ea1bf0be3e56ff984fbe81224,7658312,7.6583
0x1d880684b7086fcf37f876757e0f1b0d3fbd4962,7526781,7.5267
0x71a052f081b9e4c322fbb2b1111ab68c66774710,7517745,7.5177
0x60e2a70a4ba833fe94af82f01742e7bfd8e18fa0,7326417,7.3264
0xeec9b9f41487cafce246caa8890cf5da866424c0,7057870,7.0578
0x6619b0d21cbbcc86207ffd0093646104720bada1,6975024,6.975
0xb957dccaa1ccfb1eb78b495b499801d591d8a403,6743891,6.7438
0x88fb689146b3c635b0621ad67f9bb9a7ea8becc9,6688988,6.6889
0x27fae9d8f186651a0e6fe084cd4feaaf2533d9f1,6467854,6.4678
0xd25d509b72a026f14189041d8ef5a279f69ab93d,6293213,6.2932
0xddad5ecc5db0c8e766ec531528d013df08e8db39,6241437,6.2414
0xe360b9b0c654c9b58386962094cd32738eb78ce5,6131676,6.1316
0x90af14e7a2f2b530508f1f145272b2385963af25,6131140,6.1311
0xc86e0e7f329b4b0a5dd941862f2ef6befff161e0,6054411,6.0544
0xa454b495b51dbe5e304a13b80cd01ab5604e1e66,6050665,6.0506
0xc7b53473a3f3b7a8d341c0f5496ed365148aae4f,5653660,5.6536
0x23a5973d18990210324e5553507ac8feb939dd57,5621533,5.6215
0x57664dbc37702885c4ce90470256cad3397b0b50,5295922,5.2959
0x524abcdcdc0028f593a1c0fe2294a64fc2299849,5177011,5.177
0xff0bb9630e0c4285f0de14c7e07cde99706993ac,5043895,5.0438
0x3ff14a8af2e8f230cafc5999eaf40a7eb5528f46,5025454,5.0254
0x3e8e5443bb9bd4504468194461902d101766ffe1,4976267,4.9762
0xe3bfaecddb5668868b1ad9d74b43f0a426d3ed1a,4952887,4.9528
0x48e8b00109c0861aaa81cfd761707c6dff1ddf96,4795053,4.795
0x85c02a8354b1ad316dfed074962b0968d4fe922e,4473580,4.4735
0x93825446377674784c06ecbc2f869ce0c5db6887,4396526,4.3965
0xbc1b5aabd7102187768e475a924420f9990a6539,4354398,4.3543
0xb7bb43e68b41ed173c29c8869ac90a18c551c598,4258065,4.258
0x8d4d19405ba352e4767681c28936fc0a9a8c8dfe,4117964,4.1179
0xb836fe204d1005af6f41397124c1fc93bcef7705,3988692,3.9886
0x30f1d8681c253b3dcf6a2c40bd6980b662e24c3c,3955975,3.9559
0x64458b037d1597ee8be302684033e335816c7f6f,3839955,3.8399
0x706450ad6d263650832b369c737a142a92c3a41d,3702267,3.7022
0xe0ee6d5339db34c22ce955654f0e13ce0b50a28c,3651178,3.6511
0x9b6df1980540a62cb39788e6a02a32dade17c548,3604377,3.6043
0x2122bc98866376d602968b58a2b84462f470e976,3554471,3.5544
0x00f6a4cdbb566a414e40c07a7637d5faef3a8792,3336765,3.3367
0x9f6d7d35ca9eb8d678c2876b3c426461df9bc3ba,3253578,3.2535
0x2e1531c10054b22d2564e020dc3a95dcc0d940cc,3208836,3.2088
0xfdd3ae495dfdcc649ac06a3033f73405fdd68221,3027481,3.0274
0xbf989c510830945224f02d5004ced86b31f50db7,2984281,2.9842
0xe1efc2dc4805932a87370d423492c9fde26a2278,2947370,2.9473
0xa4f29bcb74d1620eb438c4e86be61f4fac9efeee,2850909,2.8509
0x1a60d723dfe0be0a73eb3857af7eab2a29fb9125,2825165,2.8251
0x6e91901fc72389ade05fb539fab340ce60abaefd,2757466,2.7574
0x635e5db0bb94fd11754bef53e9c7fb38f086f5a7,2659918,2.6599
0xa521e425f37acc731651565b41ce3e5022274f4f,2653544,2.6535
0xac207c599e4a07f9a8cc5e9cf49b02e20ab7ba69,2633830,2.6338
0xf1a50bbeba19a85db20432c6c201aa89604dfd2b,2539518,2.5395
0x1640cc5944da93c3a56484a83f7b9f326d8d1755,2476138,2.4761
0x4cb9b46e17e319d141fb8224a7c3203e0e33c468,2297914,2.2979
0xc9fc9e4629066a3a23b405a69d2eb819a4bfa4bc,2290912,2.2909
0x28c3698430d4f1a78d4359eef893cfaef6174711,2264992,2.2649
0x4a4c0ba1a4cf50d6ca2854b85c688ee0ab034ea1,2183848,2.1838
0x1892e547f4e1ba76f82a09c16c9f774744de1ff3,2162763,2.1627
0x02ff7a5b001206ecc4972d47ec0aeb234d241030,2160259,2.1602
0x71742cc139223c3ad78a5f63d518f3c792a3f4c6,2157759,2.1577
0x412730e3c55488aaa8d5f30b05aad146d9485fee,2140282,2.1402
0x5e9ff1d1f2017fc69b5e3accb0d47fc504093973,2116185,2.1161
0xfc47ee40bc82fae70b510a1de70b8622b2e1154d,2093054,2.093
0xfb2dfeeed35aa2c7c88a41fd66d180270b6066a1,2073856,2.0738
0x4a93c3c014da94070df96352d3e6795e0b682022,2063250,2.0632
0x484de6813ed85da863c5735ba710c2b971fcbc88,2061625,2.0616
0x3a39899dc78b7307acd83f51463c853fa79e1b09,2061378,2.0613
0xdd5bc4701b35726baf75041edc3a07e5b9db33e6,2060759,2.0607
0x1ff60e85852ac73cd05b69a8b6641fc24a3fc011,2058982,2.0589
0x4be474fc5ba51385902ee081e4fcfa3bc4a118c5,2058982,2.0589
0x5eec842ffb1a6c6236d0cf3814b9f4e9a8b7cba6,2058982,2.0589
0x88888887c3ebd4a33e34a15db4254c74c75e5d4a,2058982,2.0589
0x8added25f8cce417c1e19aad91fb6ddcb9917d2c,2058982,2.0589
0xa109398a8ab7af8b4b45a08797594247346c8d56,2058982,2.0589
0xe33fae378ab2eb2b8e82cc57a8f503b02a6f0498,2058982,2.0589
0xd29400fe78060bd9ed3af317c3c32a5f60b53bc3,2053272,2.0532
0xdd16e3b4a9838364964fdc83b75000f9bc614433,2052837,2.0528
0x81b40f913a4c6c4ae39271ea4004161a70b7a313,2046207,2.0462
0x1116bf593285d11207e5c3ec0166388c3f877850,2045125,2.0451
0xc4b9e8b5bdfb8e93dba6b90ea0f706cb40db94e2,2043443,2.0434
0x33ae856c155b3299e3ab8d4d1fbd6a0b2aee8d6b,2042143,2.0421
0xd2a13c0c128bc0ff2d5ca875b0785c600ed13270,2033287,2.0332
0x8d106c747cd21272d4c9ff0af8d53a9c9aca25d2,2017911,2.0179
0xe89497118e64f50b045d487fefd9c853f05e6413,2017755,2.0177
0x7cf54c0b4b5c7c4c2f468c742991fee8809f2b08,2016479,2.0164
0xa1d8a2e4a1cb12fc0b286839345923afe8936859,2005281,2.0052
0xd97da5da472e77bba0fd644e65f7fe6a918a4986,1996659,1.9966
0xa4f81b3fc81c1dc598a7abc9a777022af9d111bb,1992219,1.9922
0x55a192323b4bb47e2b0a50f0685b04eee262be14,1975344,1.9753
0x4b65586a32d6f70f510bb2c9d31dfafc10c28246,1970363,1.9703
0xf498fa9d68d20dc6975dafedce7c3650b051b8b3,1954479,1.9544
0x33e7ab9405b13147001c7cbcbc98ec17cee430c7,1903950,1.9039
0x2d1a0f69ea53d61b4f74648ca1db523610784406,1776073,1.776
0xbce5affccf480d795c6a5fee8931f51a484723cb,1709352,1.7093
0xb598f0f4cb73160fa986987a80c623b926a6e295,1701543,1.7015
0x8c2ec87cff0c087d8d80995eda437b0307e37688,1636356,1.6363
0x9b5e1f16156aa2d2b075659989b273e57a14372f,1632421,1.6324
0xc02d68b1287534d8d12a9be01a5b4ef5a1771ba3,1624206,1.6242
0x8371ff8bb82d7d4b5fa542b8372e6f60c83ad888,1578548,1.5785
0xa7d1642757b57420711d077ce7c8ff42a6743618,1573273,1.5732
0x30ef7087862f3c99242efc9633394eae629d6e9d,1537262,1.5372
0x8b2d4c5d0e84609cfdb650be807a93469dce834a,1497048,1.497
0x009d13e9bec94bf16791098ce4e5c168d27a9f07,1470239,1.4702
0x19f0c7c7ce47f5a75073c353a3937be70f877159,1350496,1.3504
0xe19763baa197e17a5663f8941177bfbbd31a7ab0,1331904,1.3319
0x096fbee7b8dfb88993a94c6145211163d2616245,1251248,1.2512
0xf3a05b89b8f857a5ad6532c8e7c4584b0d80ddf2,1202208,1.2022
0x12990834aa3c237a2ee7002c4a122ea14bc94904,1201377,1.2013
0x3333111a391cc08fa51353e9195526a70b333333,1200522,1.2005
0xf5fcaae203bd5dd81ef969c3fecc872f38aeccab,1146123,1.1461
0xd50c3c525092084805711578513460e5be559cfc,1104391,1.1043
0xeb0e6ecd0e78b0a84ecd9663a041f453c454a99d,1075918,1.0759
0x7928a66320e3799a935a877a70eb8567b7c17a75,1075689,1.0756
0x06777c10776a9ee6737aeffde48338ac5011cb80,1043274,1.0432
0x1cbc3125b7763c548b1af9b0fc3b13064745b1f6,1035195,1.0351
0xc0bafc6dd13319fddf3d721e99965b2f1fed512c,1034692,1.0346
0xfcbb098e581ce85b1cf48ee7286b118ace3ec9a2,1019846,1.0198
0xdd33d60d99b38c7cc481556f211735e16d13c46f,1019791,1.0197
0x6a35842b7aec249d63d436a462e0f9fc2a89f906,1016031,1.016
0x118cea94840d065c1a8652a62504d3d0486f6cdb,1014534,1.0145
0x77501b69d87f95ab8386acd3b7d04b590e9c2ade,1007681,1.0076
0xddaf8d2660860c08ae7d41c4254847f4d7432d89,999832,0.9998
0x7c5a6ecd0c38fafcf8c5531c84d36da3686da48c,973701,0.9737
0xb1c9f2643f55a564baf02945c37af1a1e307506a,941446,0.9414
0x5f96fea67bf519c8b3ec3517cbc251297580837a,925688,0.9256
0xb3b9dbc46fe76a77e92823b98e66c9217f84c363,892585,0.8925
0x4c2073675883e3644b5b7ebc7c920128700fe9c4,875596,0.8755
0xdb09194d9ca57ae286ecdb0b423e832306b8fbe4,861346,0.8613
0x3e10fe4101e211702e3c0d79a00ae6f3f79bcad3,856908,0.8569
0x35d79143330311398897d12e757e514414a88f0e,838223,0.8382
0x62a4a8f9f5f3aae9ee9cee780285a0d501c12d09,814352,0.8143
0xa26d789a2773e024c1bc3f95e7c6fc2794a6aa4a,808956,0.8089
0xa3a211bdfba8d614c3d030da6cdbc98940db3ba8,801040,0.801
0x1decf9e9d17d0d893c1a83cd2232c29cac3ecb55,720583,0.7205
0xbc95385b1687c628f57ce12d02254e79242382d3,709092,0.709
0xa7b114832112e4286dd72b2c22959c739d102a1a,699932,0.6999
0xd0e1be63ce1c38af5971cca3f4bf155f4d48563f,693854,0.6938
0x124dd2c4eab05f85c27d0d21648b15f96e4a710c,681281,0.6812
0xd2c7535a040fc3d960ade0e5cf5d071bf4221f1c,659994,0.6599
0x08abc0167916906f3d0c3be40efad43e014c066c,613254,0.6132
0x16a7727397ce4d689754bf00965963ae292d73aa,583369,0.5833
0xad3864b39fc5b551769052ebfd0db9414644eda6,563690,0.5636
0x6508e3236423adb6c3e13285957431865e4108c2,563687,0.5636
0xf4a3adf696838d8f8035cdb4fcfa9403e3a16863,560610,0.5606
0xef33e160d64620a76122bdc33d5ec1ee75a36412,557501,0.5575
0x980cbcb2fecbebcf833b836cbfc9469f3b4fcb43,547818,0.5478
0xf8e85fd6a2a73a5d2cc9df4209ac0c1dc16e15a4,539276,0.5392
0xdbc514ccc95c64077bef2870e1ba667747e1f384,519699,0.5196
0xbcec4e1f190c1b07a6d8b9c0c74504415d8a8736,518838,0.5188
0x5fe9c1dc216eb6f92e2a6f6c8f8138013ebc5755,504617,0.5046
0x34629be754cd69458188bae152613e63c7acc9df,495491,0.4954
0xd187bd1139b55cf34c4f0b17badeaf33b0852e45,459658,0.4596
0xd0a7ce553ce97171638ea9d7602cab5fc8797ee0,441831,0.4418
0x11c128b5ae504e26a19a4f8ea22c5212bb0d4e59,431409,0.4314
0x8984dad7e0fe84565073078cfb0f8a3ef30220a8,426324,0.4263
0x02afe5211cd9731b2e65bfc7857e73bda234f6d3,416015,0.416
0x4bd454d18191d34c0f9401042d952a8debcd22d4,413981,0.4139
0x6c3858d9acd9e324f49e515127af8051a2fbba60,413040,0.413
0x881e625e5c30973b47cee3a0f3ef456012f13f7d,411457,0.4114
0xbcff1630590812b1d3b729d366d528255b595ab8,409603,0.4096
0xe29e1bd34ad0001061c6544a8597d620f42a07aa,408779,0.4087
0x2025ca90de3d649da0b394e66e14de50a198cf8d,408190,0.4081
0x75abc92c75689cee1806f261653ac86901209be3,408109,0.4081
0xa136dffa62b162da8039bc604c331ddf63c2757b,405996,0.4059
0x789d42f23cf436ed62421c68beffe570157f2b2d,402828,0.4028
0x4ffd0a59a26cb2aa76d403215e4cc2845c053994,400866,0.4008
0xd2c637eb039c944a7a3d8c58512008374d22eae7,398337,0.3983
0x026f347a39cebefb4120d9b50530ecc4f93e301f,398090,0.398
0xee67025fe03a202be6199c673ae73c9d26701e66,396777,0.3967
0x2f07db372654c5d34a0e2bf85111c55c531e2858,391688,0.3916
0xdeada785e20eb23ca6366e5b21761201d9a61861,385494,0.3854
0xd13e173cb081ce5529bff4acf2fa98a7071f8e40,369878,0.3698
0x048a58645447ecf7e2ee4ec95804aa9062075ebe,358843,0.3588
0xec97f1c07b29e21cece5581fc3354c3feac7db7b,353246,0.3532
0x4e7bbbb225bbf227e1c97afe78a6b0d2bc08489b,350325,0.3503
0x6719558682cbb76f7fa6c216c7b51791b163a6b8,348981,0.3489
0x513bb2a1d6fd2009a708be45759eda01dc607f12,342625,0.3426
0x55e9877c8e66801313607396e7e563391753f800,321701,0.3217
0x39715edf5cab14caac352346f185551c66a36efa,314759,0.3147
0x1f7cab552b8bd8aad2804d7863797e3819da0bad,313854,0.3138
0x00c6e75abad8ab8a4d71772689eedf6deea0aa17,308209,0.3082
0x5075f4842af754ae140eb66fd3adfe741b689078,298234,0.2982
0xa2a7624aa15f31ecce9d934160dc99caefee25fa,279958,0.2799
0x7a77784d32fef468c2a46cdf4ef2e15ef2cb2226,278038,0.278
0xa0ca63e5ce8b09d8d395ac0701e65463fcb1a9b1,275771,0.2757
0x2161a8a79f7d237434792d22a17a8911bee9322b,273260,0.2732
0x0b03d623436a3d2b5401626208efc91d7a58dbcb,263724,0.2637
0xb5e6b895734409df411a052195eb4ee7e40d8696,261406,0.2614
0xebf2efe522c988bfa05ad3e0f8940bd48461db46,257550,0.2575
0x27c846d12d9317d1b341d61f4facf2d38e748494,250404,0.2504
0xed9b74f0e67d22dbfbc823cd9c00b6395386ebd5,245648,0.2456
0x77bbcffb0042a4c563c503818e278d2c6a776983,244233,0.2442
0x64871942a61198047f19fab3642a2124094dfcb5,242893,0.2428
0x5d657b623da77f9f24a13ae2c0d81cb85b131c9c,240641,0.2406
0x1605d2893df5a34a7cc8ca0b2345a98283d82e14,237771,0.2377
0xea150ea13b1bacc3abaec3eda0bb38df6e06a656,236421,0.2364
0xba2a1545d77b974f7d669570d6bbd7aee82d5286,231820,0.2318
0x3239849f7b08e22afef883a400aedc54f24dc11b,229470,0.2294
0x3e2e0255c42001c386c2d98c958504d036b81147,226111,0.2261
0xae98402f7b8e5acec6c75bb580abfd04a871258c,225573,0.2255
0x136831c6c1ec98cdc354362c4a61e1295030a43c,225493,0.2254
0xfc436f533bbe43f5110bbfb9997194eb6d61ecec,225158,0.2251
0xb2e89759770e8523d0a12035dfc3bcfc309e28cd,225103,0.2251
0x927b87f04c3e46940b6c795befa25f104f50d0d7,224843,0.2248
0x467a65d9720f7a462d6f0e45f76ed26b2cba1961,224709,0.2247
0xa780af07a438c4ee04c2b0386fdbad513a1eb953,224693,0.2246
0xbaa86276f8347cdef9c29303fa25025d7af8a0de,224381,0.2243
0xca0978a2a32e25bfe94075c0a508ac710938329d,224367,0.2243
0x96d1ecdcafd6125cada15e85ce21775782dcdb61,224307,0.2243
0xb4b0a3a144aaca6848ab7bd40a555de6e619824a,224053,0.224
0xb0d82329c751004954ed4df43cba8265afec0f2c,223884,0.2238
0xcd9b9d5d6c03581c0f68a415ad57467d92890277,223369,0.2233
0x464c5e7ec3489a85a1ee8246195d718e26bf2865,220342,0.2203
0xce11977e1564cd2400e741944cba46d2a4641a95,219733,0.2197
0x2165cc15c59527b05f70c9ab504f47bf8e7ac31d,219198,0.2191
0x6c235cccb782f37e0a4ff3df46b609539f893ea8,216472,0.2164
0x30ab6e3e5377c6c254fb67e4931a6a00943ed3cb,216275,0.2162
0x453b613d2aa06c344470c3ac042088e6dce590e4,215395,0.2153
0x5f6e47304d6771175afb41bbf3f0bed6d8013b7d,214986,0.2149
0xb72252fe4a79f57226ebb5d84deb91a8ca563564,214230,0.2142
0x127ad227fb8a9f3b12984175260dfc165ccda8c8,210730,0.2107
0x054ee5a111671ed66acd87b0f5491edd003595d2,209625,0.2096
0x78fae193511b9b3d77d717198321745fd05ca61d,209282,0.2092
0x0c11e4ec69f679e3ea07c4ab6190d51b1db4606b,208877,0.2088
0x175bf09109e152e895a7a8c04edbd1ca62996769,208814,0.2088
0x06095567551d9ca92086b6c59412c5b8b29c5382,208561,0.2085
0x825ec5ce2c149bc61a151507b8650979537ed86d,208445,0.2084
0x4292983c4061451da4ff389a6a38dee66bb61fb6,208418,0.2084
0x70b02434b32aa0da5e3d12009023bea44a6bd73c,208138,0.2081
0xdc2ebee05f7a20d3d56c1b5baf1e067e85b27e88,207452,0.2074
0x23f0d08797a87e63f55637b02ef25361290d52e4,206766,0.2067
0x2f987f53d7080607b1745959217510b434ca3723,206205,0.2062
0x16fb57d655ff5f893202d184173d05a2a0f00cbd,206052,0.206
0x00c4168dd6736e9850f50af8f3b6b5c113107e1a,205898,0.2058
0x85378cdccf0aed81fb31cb19529156c0444546f4,205898,0.2058
0xa51b1bc907fe0a6bc6538c5c56472c1d9c60de23,205898,0.2058
0xfd505e85b66ad71d51c973753e6a82b1f513192f,205898,0.2058
0x77708f85c2f59b771f36d57c54e5e0215fb13396,205581,0.2055
0xd00f5016f22cac0a6b5a3334c1810cd201f70623,205561,0.2055
0x2345eab815cfff5a94997a2b9bacd9aa5c3f598e,205535,0.2055
0x9435b03c69c2832f291a5c0a87f01a3338c4dcff,205431,0.2054
0xc443697c0d2c644989cc75f95f6e9fa3f2716312,205413,0.2054
0x564b3750e88baf9cf1aaa72e7c9463434324a22a,205395,0.2053
0xbf2aa2db97c96d29a69638c391aaf8080616f592,205389,0.2053
0x0e8164f7e45691b075959ce0b7d6385a2fafd52c,205180,0.2051
0x7e617b997b7f5f679320af71a38da18e31476c8d,204997,0.2049
0x2743addd5b1cba5fd1014dc569ebe5fa80d8a9b2,204963,0.2049
0xae275c7bd2880cb20819946e877942ae7710e5ff,204817,0.2048
0x3955cd92311c6504768c214dbb178d93992f0439,204654,0.2046
0x14222b3a5929f990a10a6cefd7777dde06ba1a50,204568,0.2045
0xee583593cd5fa215c4bc5e0f0f03a2c4e01e9a63,204399,0.2043
0x11b1d404d3506515e01ba027549d821946806717,204245,0.2042
0x9ff6c6383a40078117481ac935920fed2120e9a7,204176,0.2041
0x1390b026d99ee7689fecb697daabd02bc6a8dd3c,204174,0.2041
0x9623bd26f4fc8ca7c3b84acb05875da24eae4c0a,204081,0.204
0x9234c13e984d7218554a7109db7998921592dbbb,204079,0.204
0x56a1968eb0edd2fcb516564facdf2b1f20565edd,204071,0.204
0x7b1f44b86040da03bd556f3eff07c3471b094170,204056,0.204
0xb9873ae0dc5a234b16bcff07295c58c2774638a7,204054,0.204
0xbc25dd0ea26746fa4cf156c62ad7c8a3c35fe66b,203995,0.2039
0x9ef5a7e73212055754d6365664dabe7b360ce535,203774,0.2037
0xa33bc3c8331fd2dd23cfd963818a33d5bd88b87b,203667,0.2036
0x10b9e4f3248676f78fa0592237d7b01accd395c6,203636,0.2036
0x7c101749cc4cde543017e2135fee28e73a008003,203614,0.2036
0xf926e8c73a87b1036e64d270634170e316f3f488,203519,0.2035
0xf93ad9667fa019a389e2ca2f9f0644fd244c0ad3,203289,0.2032
0xe5d2d379bd3ec62ad54c8a2e531922f6722538f1,203135,0.2031
0x707fe86af329fa4b173cbad8426c77ef68964a21,203022,0.203
0x32d744acb52e042c3bf263a791cb7c261284af28,202574,0.2025
0x9241a95c573acd3c7863c902136292d7c272ba55,201930,0.2019
0x5c33ae7fc379c092e45ec2e4f8498aff024f7f15,201849,0.2018
0x6f8e99986493e5faaac50f4341e047c0276f727f,201569,0.2015
0x28a462ebefd70f3e55b91360db1008d67d4a2bf5,201009,0.201
0x7f62a4bf485434022388bc5439525293636abecf,200833,0.2008
0x6d7467a40c94261471f0ecf84f0d7c793b0f0f98,200721,0.2007
0x779e0bac5f16da0fbea2ce297f9597b109cd189c,200567,0.2005
0xbcca9aaf0c6ba6c3584ece05c6fe5c599d0e34b9,200434,0.2004
0x0fe7626cb34088b17d5c50c66bd64fa84ddbbc3b,199649,0.1996
0x270def6a42a6cb81316968149c2bd32b2a264669,199205,0.1992
0x41b568da1804e2cdd81a0600e6770d81b6669e29,197887,0.1978
0xff77fdef2685402f9064cd14ae24aa4609d8d867,197186,0.1971
0x6ae56cc7f2a489e94093b35b46f190ea5ecf327d,197111,0.1971
0x1b9da6a404df58c6bef6336e207c92b0d330bea2,196800,0.1968
0x58e936c08dfcceb8fa29f355d1ddbd4b17818a8b,196507,0.1965
0x122edefc9a3a02f4f7c4caf41ad29d9c900d0528,195397,0.1953
0x5bf694bb00cdb5e498603e977430c322218db625,171406,0.1714
0xfb8976c763e8b91283b1aff358b879cdf845b678,164861,0.1648
0x2cfa6bad2047354558adaaa7357f05b29301d23f,164563,0.1645
0x1f54886b250c2e26b103cf3e9226b799b83b8e94,163669,0.1636
0x5719fb6af1ce234be32c08dad0bcda3ad11461c7,160786,0.1607
0xd3f925042d39c23e7126e140ad1423142721c97c,160319,0.1603
0x8aff74555d65603e01f6aaff96a3888dd2e161fc,157323,0.1573
0x926eafee17f1217168127879b813d4fb99dae44c,146304,0.1463
0x82156c79a3c84c51f0f3ed0d269183543c35824c,133255,0.1332
0x5a8b6b2d397de6bfa3f1a50d334702220cafbd21,127651,0.1276
0x8ddcb0b10de8cf175456a627d6d09eaca175c2b6,123933,0.1239
0xf5143d17c0f4ca942d90fa9b0b9a1db38bc1dcde,120836,0.1208
0x1edd56194359271b3d9066d54a5484f6a83458de,119443,0.1194
0x833500df6d94b412161622c777c7b0c82bef883f,117825,0.1178
0xe9e43bf840b575ebec60b6bf919ad4218615ec7d,116978,0.1169
0x746bb09b8376b201e2f187e301a3c8811f75b65d,113512,0.1135
0x1c563ce15828bdf85b61455d10b761e9f498e62f,111588,0.1115
0xf177414566d855fdc106f73815cdbece6379c1d0,110538,0.1105
0x60d768c06bca540c8299e503efb2a5aba68d6e61,110170,0.1101
0xe9d1a164f8130ef73365bc9bac170113f99cd6ea,105954,0.1059
0x3c7bc2bf27e0a91ecd97dba1325af61e4cf47efd,102949,0.1029
0x87ae719faf89411036c2d9755a451919bff64cf7,101686,0.1016
0x9476462f950d30bb7728be51594611013045f198,101445,0.1014
0x38eb9929b0e7a8d1a27fc3e12166327b666f4138,100923,0.1009
0xa5e59b08943e09247cc92be7710223208cea7639,100923,0.1009
0xc03d8db64dfe98ebfd94a84bc1f825cab90ee15b,100881,0.1008
0x0d3015631c1e642e8eb35b5a0efcea24a7685603,100867,0.1008
0x46c02c0c16cdfb2b1da16f42dab23860096cd63f,100792,0.1007
0x27146cd533760e0867db2647dad531fde92d80ef,100715,0.1007
0x3b2c439a9997d0f06443f4ba44a3e4959c8854a8,100699,0.1006
0xf6f49c470765a9a5800112b80d6d8dab256b2198,100098,0.1
0x58ef6e9f01993866588d0b2b563ae28c67db8d4e,99822,0.0998
0x15cd7d7a1fc0ca1b91f58d64a591da4f5c50ad7e,99649,0.0996
0x4370b104c44c5f7d66ffd9d59daca5e5c7396557,99221,0.0992
0x25b0ab9c64733a22d90cffe9284373d7e9664141,98774,0.0987
0xb08f71ba91df87a45eba71378ceefa7d1271ca1f,98765,0.0987
0x2f403b2c093e85bc1746496952b620fa77949e81,94052,0.094
0xa19ebd8f9114519bf947671021c01d152c3777e4,91923,0.0919
0xd1a42fe4871f99b219859b812e7ebaa311149074,83689,0.0836
0x22b387735f956b1d58897f2af2aee972b7b08095,83367,0.0833
0xb725636361f0cd00f57fa13e578e58799b3e648c,82785,0.0827
0xdceaf68cd3ab7549c091868ad553584cede354e5,81969,0.0819
0x2b667478db1f275cc3b4bbb6a739bf8f5571d263,81948,0.0819
0x40024c88bc41279337db08a4e9b4c7b01e497e0a,81809,0.0818
0x6b52c8c82e9b6a77419d5cf7f4df0fabd2da3851,81766,0.0817
0x402a61e972707213e83448fea274f3540178da3d,80424,0.0804
0x61b91b94660a624757a079b0969b1994a28e0720,76911,0.0769
0x6fb66dc3c84f32cc3f872a55c6a8ba91c405f0f3,76501,0.0765
0x74cbfae31cdb816ece92bc62f0b2aa5632eda327,71007,0.071
0x680c1d7105040a7d8a9c5678ac025d826b2c39c0,65920,0.0659
0xe80859feb98a1c6b8e1cd20960c347ed1e514816,64670,0.0646
0xae2eed5b771dd8a35b33cbbf41014b7fab2e5927,64446,0.0644
0xf06e212f3d021842f1c8c2de4b9dd04945717add,61685,0.0616
0x233678715ab644073512c513d00a0f0b922c2074,61677,0.0616
0xd06337ff8638eab7849e01baed2ed756ebfa7fe1,60751,0.0607
0x07497437db00a12db5addb99d3cdd9f6937222d9,60585,0.0605
0x9e158fa53be6ec98b3396f8c17c5ef936ddac339,60550,0.0605
0xffec90fad1f7fbca154a5248d329dd9764e03fd4,60538,0.0605
0x64393f214c4c582c07347ddb6e3a64a1f39cda6f,60517,0.0605
0xceb0129e97713db7c5a76be199fa0bdb880dd185,54664,0.0546
0xccb0407d360cd1131827abfbe9e6469f15a62524,54291,0.0542
0x57fd1260b14914e8e9dd468b6e2130eca353f749,53609,0.0536
0xcc8ce777e51c86bb9beb00e17f2c711167cb5da0,53283,0.0532
0x7bed1a9fa10bc030456c7b3154590e4c02c9cb4f,52251,0.0522
0x709ffd99e60a32182f25263bea9ca95d67a1b94f,52002,0.052
0xb50685c25485ca8c520f5286bbbf1d3f216d6989,50351,0.0503
0x0f8776440d4e0f4e28fff19c36bd3a9f4afa019e,48661,0.0486
0x40fd7b406701e407c85688636318f6315cbc84b3,44526,0.0445
0x36c7b7f5a4896684fad6fc71e08746952a369405,42440,0.0424
0xf91f471dfe7d121d4ebc096d648083d5f385d317,41896,0.0418
0x66f80a55ffd549309a5352202bdd11b96c72d6ed,40830,0.0408
0x6bd4e0a50d0206be420fce0667d178328af874bb,40412,0.0404
0xe38dd570aa7c0de83d3e7faa4c1524b8e398030e,40370,0.0403
0x1ee9001d434b8f5ae45a59ab482f66925ef8218a,40368,0.0403
0x4221ee1d17ec6faceccaa0803abbfc2512848c8d,40366,0.0403
0xed619d017714b58ca36548c4dc6b9bf714cb89da,40364,0.0403
0x2d5afce86989a860ace230db8c06f0af49df4d99,40360,0.0403
0x6d9eb6c99445ac37411765be615ba4c6d63d7000,40360,0.0403
0x75e70040aa225ba61fd5df41add5ad716a85aa96,40360,0.0403
0x8f791c0592db171d84167d10baa70fd6dd26705c,40360,0.0403
0x60e627cf30dbb07451ba6ac9e590a0a495748710,40359,0.0403
0x8c0f33dacfa40e225c7ada0de2e3ee4d07d0751d,40359,0.0403
0x50dba6df01bc08b6b665c5925c7e614c8f311701,40356,0.0403
0x41ec28eceb137789032b2b505a57c1da829934cd,40355,0.0403
0x29d8b968386772ad152973a748e1a288523f0f3d,40345,0.0403
0x352c6e54d1203bd291f41b4c06c4cbba5b20a08a,40333,0.0403
0x4d9e63d89d32dae780d5790330d34eb80a70ef49,40333,0.0403
0x6bb4b413ecbf425a4ab829aaeea544a990131646,40333,0.0403
0x334019f6d6b2ea95458347d2dd65f3241116a6d5,40280,0.0402
0x09131f237b6514e2a079ee7c71e475f91bef5b7e,40246,0.0402
0x09c2eb5b6a9c3ca68702f79305062d774f42f51b,40238,0.0402
0xeecf18ffac9bfae3bcbb57959f3058213541fb7d,40209,0.0402
0xcc007529b5558bd07922eb407f08fe4fa5b1ad24,39824,0.0398
0xc186755575b27ced00f04641d1836343a47c29cf,39499,0.0394
0xc5c60ed6f1e297a338420103e46a6016c1b9aa05,38917,0.0389
0x62c7db69210cb72fe1f8966c87131e9c0abf7ce7,38343,0.0383
0x7fb5a98c552e375cfa79daea3e23542fa7c166a2,37973,0.0379
0xd4bc689aca0a4a0a80f6c144f0030378c2652621,37958,0.0379
0xeb3885780e0ca097e46b516533948e6980a5741a,36204,0.0362
0x3afeefe5fc2c139a3ada00c78e93c75e0e2e4f93,35392,0.0353
0xa3da716eb16e9c1ec64fcff7f42c806ceea69d90,34837,0.0348
0x368955efb1bf001683cb5f7ab223380caf0b86e5,34713,0.0347
0xeda49bce2f38d284f839be1f4f2e23e6c7cc7dbd,34286,0.0342
0xebb2ca8f3fed7944b7d1fabe4d3894bdfabf7f9d,33510,0.0335
0xb6d3928bbf35339416eb4220bd3657b2fd74eb63,33051,0.033
0x357d37db035fcf241575d13f98c3a6c4c706ca5c,31745,0.0317
0x7776421dd146dfd6ea947cbf29b69c519807d259,31243,0.0312
0x355dbc749110163148c864938ff653a3c009ac2a,31126,0.0311
0x0de3f84782427380c6588a9dca8675a5c40893cb,30922,0.0309
0xf01057a583e1e5939ebfa7805380f1f412e88d7c,30705,0.0307
0xb208420c52fa932433956a5503a464df49242c0d,30443,0.0304
0x1bdd2a02a33c70f7e1672b83652f0e5fc1e5eafc,29763,0.0297
0x58ed21455fec6f66da9d3699903633e2281d864a,26750,0.0267
0xb0e01d514df352ffb6d93aac9e87b935d30e538c,26192,0.0261
0xbb0681e131d704cb86bda625a730c7866e262a3a,25880,0.0258
0xf5b1ae5b41bec4ac1b6485df24f972db899f600b,25833,0.0258
0xf2b202bab6a3a1234be6a5dd80b71d725b70addf,25053,0.025
0x0f984420fb763ecb7f2122a8727fb2cd1d982131,24782,0.0247
0xa5a5eb41713a0812dbd99c76867f60e98a1dc5d6,24255,0.0242
0x952835d17ac55825f198a68dab2823cd60c8e6bd,24251,0.0242
0xaa19a18e60b52ba4bb09bfb406eedafd78b127e3,24216,0.0242
0xe7e72c7357335180fe8d1747bd2cf3383570ce6a,24215,0.0242
0xb1a522ffe70a50b21e8a081cd49bd70377bb4be1,24214,0.0242
0x21cef6f7087adb8ccacbde9e5241511e6db7a9bb,23765,0.0237
0x829cecfe65bd215f15c7d57a261126913e0f8f95,23590,0.0235
0x8c67a62b80f55c4dbb23b275bcd5007c6953bc2b,23492,0.0234
0x29e378ab67da3491ff3c4eb5b4da6a4de6868b58,23433,0.0234
0x46086deaeaacc53e53c623d2113d9f965dc215bb,23199,0.0231
0x879f50787ab4a36aa3cdf971691bfc8058da203c,23150,0.0231
0xfd7536228d3ec6be71b388e04f77421931b27f16,23092,0.023
0x2d12523cfd543aceeb0215b0887477dae7abe271,22829,0.0228
0x929cd0b5b03df44200a2f77291b886ae40cb9c63,22760,0.0227
0x0a8c33a7359eff8d306c8079b4043bbc1d887ae8,22388,0.0223
0xb87073e70e0c4d6ee228d8a920ebdf5500c3a89e,22227,0.0222
0x6454b32dcdd517eaa81a7fcf6a1905e750709e38,22214,0.0222
0x3c930ce6baeecae5d69a6fb05d554219e0fc645b,22209,0.0222
0x84894baf5d0c1964ffe8f3097697797904b47641,22203,0.0222
0x70b3eb071b028c6eb95ef9643a6ecd3eaa823a10,22200,0.0222
0x14d55c1bc548e0f195322d7cb3a5101227ecc71a,22198,0.0221
0x925030586aee5426e5a828c5c1b595727353dada,22198,0.0221
0x9ce5ca66e5ff700295f4d89f9dd5816d31b34477,22198,0.0221
0xbe722e553876d197e45537326a9b9f461cc53eef,22198,0.0221
0x2ff4e6bf5e44be06bf49abd7b01c018c54c2bf2c,22197,0.0221
0xb459834334602829bb1d18610339df29e3a0a7cf,22197,0.0221
0x7990bd07f6afa5004bb1ea3e09e4dbea32a76cda,22196,0.0221
0x33e921d9ee1821e174a4f9d786dc067fee0b6275,22195,0.0221
0x90602b9157d1f77947cc7e79e337ead8c503f838,22195,0.0221
0x61f3452194de23c765560415894f0249560ecbdd,22194,0.0221
0x29dfb7da8d41d0510663f0c70f2bee86e198f724,22193,0.0221
0xff50e30630d34ff0bb0a5ace3527ac9a36f25371,22192,0.0221
0xb3524caf4aa03259385147bf4d0aeae102fa3552,22191,0.0221
0x1b6f921d37953e321472dd7530c4171a59a10142,22189,0.0221
0xd7ad1067b0e3599c08f4bcfcbbad67ebd5fc81e1,22189,0.0221
0x69aea131aa2c758e65affb07adac06a9d42d42ff,22185,0.0221
0x9a4289d8d959e68b49484b8b24983783e320827d,22181,0.0221
0xdbd300eba0f755bb06da769a4e1a84e4330068af,22174,0.0221
0x80fe121b69163e17bd4e9cc573652e29e48fa4ae,22169,0.0221
0x11d25c03afed099883bd68dcaf22b1ee4f93c8e4,22161,0.0221
0x1b1c30504c6a80e81c866895867d71d31ee95528,22161,0.0221
0x81c54645a23049ae2df5616bac52540b5a83ed79,22155,0.0221
0x39282d686c819ed8b5262bca5184132f9d9895ca,22134,0.0221
0xca82151688c91013b42efab54175f53de62d0fd6,22075,0.022
0xad34c7873d522f3ca719590b8b04b497a8b63413,22033,0.022
0xd03a15516a3dc71261703e8bf3790d0f094a096c,22028,0.022
0xd365bfc9a5991727790685074624c23c8fad455c,22003,0.022
0x6b145300d4e4912f4cc6866268d7e169b0ad8e2a,21921,0.0219
0x4a03c2a9f3a11b1fc154c8bc9b825e0ff503b028,21910,0.0219
0xddda78690198398ea24c32faba940ed9582d3681,21736,0.0217
0xec88554f3a33f11912d000ee5d790166c08ceea0,21703,0.0217
0xb2c3379dd2774f1e8479146e98d6e084d8b995af,21656,0.0216
0xf8921e0329d334a24709adb6be4763bdfbc03859,21624,0.0216
0xa7eaa134207bed90659ed24ef92d41617e624087,21392,0.0213
0x3eb83bf50f2109c152a7cbf0beb303cc0248a9c5,21183,0.0211
0x70af97c4fd8e762e09aed0ef9c54c723ae3f6ca5,21183,0.0211
0xf9726ec833b7a4faf0965824bfe38f986005c3c0,21183,0.0211
0x3b8dfe237895f737271371f339eecbd66face43e,21084,0.021
0x4231be547904b34fb104b10da28f60a413094bdb,20938,0.0209
0xa8f7942e4be9c32ae7ea3c830e517e53edcfbb61,20910,0.0209
0x395fc9a7b8b2371721aaceba07cf7ae23f55ba14,20840,0.0208
0x48d02c421df013708f5e5a9ccb28182efc4a9de4,20809,0.0208
0xe9a830ab84558da8fbb7995306bdeda3f1f6d1de,20765,0.0207
0x0dddab17d0ee1416a757758fe4dce96ee8df211c,20727,0.0207
0xd78efc8903172beb1267753470437bcd8331b2d9,20679,0.0206
0x39ea1a9f8caa308ebb3f9da4829f1fff7b74b72c,20590,0.0205
0xb00fdb173e21de18f65f94101035d206e67cc915,20590,0.0205
0xc50965e638cf07fb735d48d40c53c8e64c2add7c,20590,0.0205
0xe1063fa58952fa22b17852910fc88ce46909d197,20590,0.0205
0xea5e5c2a920df3a960f7abe3dce61bb497266622,20590,0.0205
0xfcbc2095e8939e691f84c3fd56a90c84649d139e,20590,0.0205
0xfc8409c5426f7071e8afeae3456c6ed23d7abd94,20569,0.0205
0x0a6bc3389f4eca70a1c97e357c689279f12c9460,20549,0.0205
0x645f0604ac241c2431865d4ed842edaa8729292b,20518,0.0205
0xf29e367153f1a328f82b3552c92cb4b5bb75ea2c,20499,0.0204
0xaff0dfe71984b32bb6f042ffe1968ff20fa62b10,20458,0.0204
0x7b8f0b8e09ca522ad3418fb89b9176f1bc74644c,20447,0.0204
0x6f69286d7c51de0f0cf5f3c03c8ca3eda8a322f9,20439,0.0204
0x9e5efaaecad1d017964aaa682e5386e1c3b18d88,20423,0.0204
0x6aca3ff9f34498d4d9d34fb5ad203c441069735e,20385,0.0203
0x288a4e70eba5d4f92e28f8ccc561e9fc947304a1,20381,0.0203
0x8b961a604d1d06264431d2807d40db880d47905d,20381,0.0203
0xaa638a5426ad0904cc52e161b4a4832168eb9d40,20381,0.0203
0x096f92f264faf13643d887f9d556f13813a5a97a,20380,0.0203
0xbd862767836596c7a3aeb7f39bedfb3e8cd82e8d,20380,0.0203
0xf990ce93c674e610939789f4ec24a9c08ad8c042,20380,0.0203
0xba133ba5b4247a8298151bc95218ce45f53ffb3c,20379,0.0203
0xfddf199e252c6f4b41126b4815f745b6be0c9451,20379,0.0203
0x5f193e139fa2c4a57044f331863f64eb5a797af2,20378,0.0203
0xc50113025584ed45a0de295a052e1702dde06b01,20374,0.0203
0x0c0c0f538c1d869a9682d94d26fb973f1a8c192e,20372,0.0203
0x88805bf75111d338a0557f31f935796bf3e220f5,20367,0.0203
0x33cdd848507e7dd2224753124c935d300ce37721,20360,0.0203
0x65e67b5835e1a6d700fec8562a3fc95bf07e931e,20354,0.0203
0xc7d22cf64f994eccafd7caf614bcb70c4d3a5804,20350,0.0203
0x421b0d8cce6f38fc8c4344a29e643da6cb85e4ef,20332,0.0203
0x3d6991085ab1ae3926cb96f25684c40a364b6856,20284,0.0202
0xb9eb31acc71558bcd765dd1637084483ad5846da,20213,0.0202
0x024899f1b2e7c3cfc5e3db7f54ecc284fd775d29,20212,0.0202
0xff920b0402ce7242e4912cf18f72913b9dee708b,20203,0.0202
0x9dc3e0fc228c2455773e70ee9e987ae2a6fbc07d,20197,0.0201
0xa270d2222d62500d2821f0c5dd2bc4fe4d497f08,20196,0.0201
0x03b9765c0b7425fc0869b1c4497e35ace2bbdd17,20180,0.0201
0x204f18e8cf133a34ffd477856e7001e31b2683b8,20180,0.0201
0x3179c42dae179f7ecb40b9ae46647e45a6daafe5,20180,0.0201
0x490132355cb7a7273238e6fe87a0cc31751e816e,20180,0.0201
0x4bea4a6e9f877242f174003b00725f857db520ff,20180,0.0201
0x506e211e2597e7697309a532cb6227a0b559032b,20180,0.0201
0x92215391d24c75eb005eb4b7c8c55bf0036604a5,20180,0.0201
0x98c9eb634e8f4892c52e2a4a3d10ca86a410c7d3,20180,0.0201
0xb7d8b6f6240571bf7575bd8b7fbf14aade9f32d7,20180,0.0201
0xc0229733799a32fcbda487554867239b341bf958,20180,0.0201
0xc2f3d29d6a221c9d721e2aab424d7b37ac9147ab,20180,0.0201
0x7aa2194239874ad03b47c334cebad814f51e59a8,19942,0.0199
0x2b59f2cacceea02aead44189e4974bb0eb5cba0d,19794,0.0197
0x1a5b9a64189f54bbd3c01335e60c56c027fcf633,19624,0.0196
0x019ed608dd806b80193942f2a960e7ac8abb2ee3,18580,0.0185
0xa358d0bcedd6f16a5a6ac46c96d910179b94fcbc,18408,0.0184
0xe8a4e0c7cbeb034fce661f08a52719592e7ad5fc,13896,0.0138
0x15af357950a949dd3b84e4be73914f2eaa9683ed,13860,0.0138
0x4f2250f76b3d1fdca2b42b305ab37260c6fbe520,11426,0.0114
0x4c2849336824bdc58fc3f024b563351bfead54b7,10959,0.0109
0x4f82e73edb06d29ff62c91ec8f5ff06571bdeb29,10429,0.0104
0xdb3621f27de70591c28f823f5e1b77683a32e199,10206,0.0102